{
  "accuracy": 0.988641425389755,
  "roc_auc": 0.9990069920642874,
  "confusion_matrix": [
    [
      4631,
      65
    ],
    [
      37,
      4247
    ]
  ],
  "classification_report": {
    "0": {
      "precision": 0.9920736932305055,
      "recall": 0.9861584327086882,
      "f1-score": 0.9891072191371209,
      "support": 4696.0
    },
    "1": {
      "precision": 0.984925788497217,
      "recall": 0.9913632119514473,
      "f1-score": 0.9881340158213122,
      "support": 4284.0
    },
    "accuracy": 0.988641425389755,
    "macro avg": {
      "precision": 0.9884997408638613,
      "recall": 0.9887608223300677,
      "f1-score": 0.9886206174792165,
      "support": 8980.0
    },
    "weighted avg": {
      "precision": 0.9886637128432663,
      "recall": 0.988641425389755,
      "f1-score": 0.9886429426332319,
      "support": 8980.0
    }
  }
}